#,Time,%Passes,Change,Test,Pass,Partial,Fail,Untested
0,Wed Apr 24 11:59:12 EDT 2019,30,30,CounterExplicitReceiveSuite,ExplicitReceiveClient1CounterReceives+ ExplicitReceiveClient1CounterRegularOutput+ ExplicitReceiveClient1Tagged+ ExplicitReceiveClient2CounterReceives+ ExplicitReceiveClient2CounterRegularOutput+ ExplicitReceiveClient2Tagged+ ExplicitReceiveServerCounterReceives+ ExplicitReceiveServerCounterRegularOutput+ ExplicitReceiveServerCounterTwoQueues+ ExplicitReceiveServerTagged+ , , ,BlockingRPCClient1CounterBlockingProcedure BlockingRPCClient1CounterRegularOutput BlockingRPCClient2CounterBlockingProcedure BlockingRPCClient2CounterRegularOutput BlockingRPCCounterClient1Tagged BlockingRPCCounterClient2Tagged BlockingRPCCounterServerTagged BlockingRPCServerCounterRegularOutput BlockingRPCServerSimulationClient1BlockingRPC BlockingRPCServerSimulationRegularOutput BlockingRPCSimulationClientTagged BlockingRPCSimulationRegistryTagged BlockingRPCSimulationServerTagged CustomRPCClient1CounterNoGIPCReturnQueue CustomRPCClient1CounterRegularOutput CustomRPCClient1CounterReturnValue CustomRPCClient2CounterNoGIPCReturnQueue CustomRPCClient2CounterRegularOutput CustomRPCClient2CounterReturnValue CustomRPCCounterClient1Tagged CustomRPCCounterClient2Tagged CustomRPCCounterServerTagged CustomRPCServerCounterRegularOutput ,
1,Wed Apr 24 18:30:37 EDT 2019,45,15,CounterCustomRPCSuite,CustomRPCClient1CounterNoGIPCReturnQueue+ CustomRPCCounterClient1Tagged+ CustomRPCCounterClient2Tagged+ CustomRPCCounterServerTagged+ CustomRPCServerCounterRegularOutput+ ExplicitReceiveClient1CounterReceives ExplicitReceiveClient1CounterRegularOutput ExplicitReceiveClient1Tagged ExplicitReceiveClient2CounterReceives ExplicitReceiveClient2CounterRegularOutput ExplicitReceiveClient2Tagged ExplicitReceiveServerCounterReceives ExplicitReceiveServerCounterRegularOutput ExplicitReceiveServerCounterTwoQueues ExplicitReceiveServerTagged , ,BlockingRPCServerSimulationRegularOutput+ BlockingRPCSimulationClientTagged+ BlockingRPCSimulationRegistryTagged+ BlockingRPCSimulationServerTagged+ CustomRPCClient1CounterRegularOutput+ CustomRPCClient1CounterReturnValue+ CustomRPCClient2CounterNoGIPCReturnQueue+ CustomRPCClient2CounterRegularOutput+ CustomRPCClient2CounterReturnValue+ ,BlockingRPCClient1CounterBlockingProcedure BlockingRPCClient1CounterRegularOutput BlockingRPCClient2CounterBlockingProcedure BlockingRPCClient2CounterRegularOutput BlockingRPCCounterClient1Tagged BlockingRPCCounterClient2Tagged BlockingRPCCounterServerTagged BlockingRPCServerCounterRegularOutput BlockingRPCServerSimulationClient1BlockingRPC ,
2,Wed Apr 24 18:31:37 EDT 2019,45,0,CounterCustomRPCSuite,CustomRPCClient1CounterNoGIPCReturnQueue CustomRPCCounterClient1Tagged CustomRPCCounterClient2Tagged CustomRPCCounterServerTagged CustomRPCServerCounterRegularOutput ExplicitReceiveClient1CounterReceives ExplicitReceiveClient1CounterRegularOutput ExplicitReceiveClient1Tagged ExplicitReceiveClient2CounterReceives ExplicitReceiveClient2CounterRegularOutput ExplicitReceiveClient2Tagged ExplicitReceiveServerCounterReceives ExplicitReceiveServerCounterRegularOutput ExplicitReceiveServerCounterTwoQueues ExplicitReceiveServerTagged , ,BlockingRPCServerSimulationRegularOutput BlockingRPCSimulationClientTagged BlockingRPCSimulationRegistryTagged BlockingRPCSimulationServerTagged CustomRPCClient1CounterRegularOutput CustomRPCClient1CounterReturnValue CustomRPCClient2CounterNoGIPCReturnQueue CustomRPCClient2CounterRegularOutput CustomRPCClient2CounterReturnValue ,BlockingRPCClient1CounterBlockingProcedure BlockingRPCClient1CounterRegularOutput BlockingRPCClient2CounterBlockingProcedure BlockingRPCClient2CounterRegularOutput BlockingRPCCounterClient1Tagged BlockingRPCCounterClient2Tagged BlockingRPCCounterServerTagged BlockingRPCServerCounterRegularOutput BlockingRPCServerSimulationClient1BlockingRPC ,
3,Wed Apr 24 18:36:37 EDT 2019,45,0,CounterCustomRPCSuite,CustomRPCClient1CounterNoGIPCReturnQueue CustomRPCCounterClient1Tagged CustomRPCCounterClient2Tagged CustomRPCCounterServerTagged CustomRPCServerCounterRegularOutput ExplicitReceiveClient1CounterReceives ExplicitReceiveClient1CounterRegularOutput ExplicitReceiveClient1Tagged ExplicitReceiveClient2CounterReceives ExplicitReceiveClient2CounterRegularOutput ExplicitReceiveClient2Tagged ExplicitReceiveServerCounterReceives ExplicitReceiveServerCounterRegularOutput ExplicitReceiveServerCounterTwoQueues ExplicitReceiveServerTagged , ,BlockingRPCServerSimulationRegularOutput BlockingRPCSimulationClientTagged BlockingRPCSimulationRegistryTagged BlockingRPCSimulationServerTagged CustomRPCClient1CounterRegularOutput CustomRPCClient1CounterReturnValue CustomRPCClient2CounterNoGIPCReturnQueue CustomRPCClient2CounterRegularOutput CustomRPCClient2CounterReturnValue ,BlockingRPCClient1CounterBlockingProcedure BlockingRPCClient1CounterRegularOutput BlockingRPCClient2CounterBlockingProcedure BlockingRPCClient2CounterRegularOutput BlockingRPCCounterClient1Tagged BlockingRPCCounterClient2Tagged BlockingRPCCounterServerTagged BlockingRPCServerCounterRegularOutput BlockingRPCServerSimulationClient1BlockingRPC ,
4,Wed Apr 24 18:40:36 EDT 2019,45,0,CounterCustomRPCSuite,CustomRPCClient1CounterNoGIPCReturnQueue CustomRPCCounterClient1Tagged CustomRPCCounterClient2Tagged CustomRPCCounterServerTagged CustomRPCServerCounterRegularOutput ExplicitReceiveClient1CounterReceives ExplicitReceiveClient1CounterRegularOutput ExplicitReceiveClient1Tagged ExplicitReceiveClient2CounterReceives ExplicitReceiveClient2CounterRegularOutput ExplicitReceiveClient2Tagged ExplicitReceiveServerCounterReceives ExplicitReceiveServerCounterRegularOutput ExplicitReceiveServerCounterTwoQueues ExplicitReceiveServerTagged , ,BlockingRPCServerSimulationRegularOutput BlockingRPCSimulationClientTagged BlockingRPCSimulationRegistryTagged BlockingRPCSimulationServerTagged CustomRPCClient1CounterRegularOutput CustomRPCClient1CounterReturnValue CustomRPCClient2CounterNoGIPCReturnQueue CustomRPCClient2CounterRegularOutput CustomRPCClient2CounterReturnValue ,BlockingRPCClient1CounterBlockingProcedure BlockingRPCClient1CounterRegularOutput BlockingRPCClient2CounterBlockingProcedure BlockingRPCClient2CounterRegularOutput BlockingRPCCounterClient1Tagged BlockingRPCCounterClient2Tagged BlockingRPCCounterServerTagged BlockingRPCServerCounterRegularOutput BlockingRPCServerSimulationClient1BlockingRPC ,
5,Wed Apr 24 18:43:14 EDT 2019,45,0,CounterCustomRPCSuite,CustomRPCClient1CounterNoGIPCReturnQueue CustomRPCCounterClient1Tagged CustomRPCCounterClient2Tagged CustomRPCCounterServerTagged CustomRPCServerCounterRegularOutput ExplicitReceiveClient1CounterReceives ExplicitReceiveClient1CounterRegularOutput ExplicitReceiveClient1Tagged ExplicitReceiveClient2CounterReceives ExplicitReceiveClient2CounterRegularOutput ExplicitReceiveClient2Tagged ExplicitReceiveServerCounterReceives ExplicitReceiveServerCounterRegularOutput ExplicitReceiveServerCounterTwoQueues ExplicitReceiveServerTagged , ,BlockingRPCServerSimulationRegularOutput BlockingRPCSimulationClientTagged BlockingRPCSimulationRegistryTagged BlockingRPCSimulationServerTagged CustomRPCClient1CounterRegularOutput CustomRPCClient1CounterReturnValue CustomRPCClient2CounterNoGIPCReturnQueue CustomRPCClient2CounterRegularOutput CustomRPCClient2CounterReturnValue ,BlockingRPCClient1CounterBlockingProcedure BlockingRPCClient1CounterRegularOutput BlockingRPCClient2CounterBlockingProcedure BlockingRPCClient2CounterRegularOutput BlockingRPCCounterClient1Tagged BlockingRPCCounterClient2Tagged BlockingRPCCounterServerTagged BlockingRPCServerCounterRegularOutput BlockingRPCServerSimulationClient1BlockingRPC ,
6,Wed Apr 24 18:55:41 EDT 2019,45,0,CounterCustomRPCSuite,CustomRPCClient1CounterNoGIPCReturnQueue CustomRPCCounterClient1Tagged CustomRPCCounterClient2Tagged CustomRPCCounterServerTagged CustomRPCServerCounterRegularOutput ExplicitReceiveClient1CounterReceives ExplicitReceiveClient1CounterRegularOutput ExplicitReceiveClient1Tagged ExplicitReceiveClient2CounterReceives ExplicitReceiveClient2CounterRegularOutput ExplicitReceiveClient2Tagged ExplicitReceiveServerCounterReceives ExplicitReceiveServerCounterRegularOutput ExplicitReceiveServerCounterTwoQueues ExplicitReceiveServerTagged , ,BlockingRPCServerSimulationRegularOutput BlockingRPCSimulationClientTagged BlockingRPCSimulationRegistryTagged BlockingRPCSimulationServerTagged CustomRPCClient1CounterRegularOutput CustomRPCClient1CounterReturnValue CustomRPCClient2CounterNoGIPCReturnQueue CustomRPCClient2CounterRegularOutput CustomRPCClient2CounterReturnValue ,BlockingRPCClient1CounterBlockingProcedure BlockingRPCClient1CounterRegularOutput BlockingRPCClient2CounterBlockingProcedure BlockingRPCClient2CounterRegularOutput BlockingRPCCounterClient1Tagged BlockingRPCCounterClient2Tagged BlockingRPCCounterServerTagged BlockingRPCServerCounterRegularOutput BlockingRPCServerSimulationClient1BlockingRPC ,
7,Wed Apr 24 18:57:13 EDT 2019,45,0,CounterCustomRPCSuite,CustomRPCClient1CounterNoGIPCReturnQueue CustomRPCCounterClient1Tagged CustomRPCCounterClient2Tagged CustomRPCCounterServerTagged CustomRPCServerCounterRegularOutput ExplicitReceiveClient1CounterReceives ExplicitReceiveClient1CounterRegularOutput ExplicitReceiveClient1Tagged ExplicitReceiveClient2CounterReceives ExplicitReceiveClient2CounterRegularOutput ExplicitReceiveClient2Tagged ExplicitReceiveServerCounterReceives ExplicitReceiveServerCounterRegularOutput ExplicitReceiveServerCounterTwoQueues ExplicitReceiveServerTagged , ,BlockingRPCServerSimulationRegularOutput BlockingRPCSimulationClientTagged BlockingRPCSimulationRegistryTagged BlockingRPCSimulationServerTagged CustomRPCClient1CounterRegularOutput CustomRPCClient1CounterReturnValue CustomRPCClient2CounterNoGIPCReturnQueue CustomRPCClient2CounterRegularOutput CustomRPCClient2CounterReturnValue ,BlockingRPCClient1CounterBlockingProcedure BlockingRPCClient1CounterRegularOutput BlockingRPCClient2CounterBlockingProcedure BlockingRPCClient2CounterRegularOutput BlockingRPCCounterClient1Tagged BlockingRPCCounterClient2Tagged BlockingRPCCounterServerTagged BlockingRPCServerCounterRegularOutput BlockingRPCServerSimulationClient1BlockingRPC ,
8,Wed Apr 24 19:04:26 EDT 2019,45,0,CounterCustomRPCSuite,CustomRPCClient1CounterNoGIPCReturnQueue CustomRPCCounterClient1Tagged CustomRPCCounterClient2Tagged CustomRPCCounterServerTagged CustomRPCServerCounterRegularOutput ExplicitReceiveClient1CounterReceives ExplicitReceiveClient1CounterRegularOutput ExplicitReceiveClient1Tagged ExplicitReceiveClient2CounterReceives ExplicitReceiveClient2CounterRegularOutput ExplicitReceiveClient2Tagged ExplicitReceiveServerCounterReceives ExplicitReceiveServerCounterRegularOutput ExplicitReceiveServerCounterTwoQueues ExplicitReceiveServerTagged , ,BlockingRPCServerSimulationRegularOutput BlockingRPCSimulationClientTagged BlockingRPCSimulationRegistryTagged BlockingRPCSimulationServerTagged CustomRPCClient1CounterRegularOutput CustomRPCClient1CounterReturnValue CustomRPCClient2CounterNoGIPCReturnQueue CustomRPCClient2CounterRegularOutput CustomRPCClient2CounterReturnValue ,BlockingRPCClient1CounterBlockingProcedure BlockingRPCClient1CounterRegularOutput BlockingRPCClient2CounterBlockingProcedure BlockingRPCClient2CounterRegularOutput BlockingRPCCounterClient1Tagged BlockingRPCCounterClient2Tagged BlockingRPCCounterServerTagged BlockingRPCServerCounterRegularOutput BlockingRPCServerSimulationClient1BlockingRPC ,
9,Wed Apr 24 19:23:39 EDT 2019,60,15,CounterCustomRPCSuite,CustomRPCClient1CounterNoGIPCReturnQueue CustomRPCClient1CounterRegularOutput+ CustomRPCClient1CounterReturnValue+ CustomRPCClient2CounterNoGIPCReturnQueue+ CustomRPCClient2CounterRegularOutput+ CustomRPCClient2CounterReturnValue+ CustomRPCCounterClient1Tagged CustomRPCCounterClient2Tagged CustomRPCCounterServerTagged CustomRPCServerCounterRegularOutput ExplicitReceiveClient1CounterReceives ExplicitReceiveClient1CounterRegularOutput ExplicitReceiveClient1Tagged ExplicitReceiveClient2CounterReceives ExplicitReceiveClient2CounterRegularOutput ExplicitReceiveClient2Tagged ExplicitReceiveServerCounterReceives ExplicitReceiveServerCounterRegularOutput ExplicitReceiveServerCounterTwoQueues ExplicitReceiveServerTagged , ,BlockingRPCServerSimulationRegularOutput BlockingRPCSimulationClientTagged BlockingRPCSimulationRegistryTagged BlockingRPCSimulationServerTagged ,BlockingRPCClient1CounterBlockingProcedure BlockingRPCClient1CounterRegularOutput BlockingRPCClient2CounterBlockingProcedure BlockingRPCClient2CounterRegularOutput BlockingRPCCounterClient1Tagged BlockingRPCCounterClient2Tagged BlockingRPCCounterServerTagged BlockingRPCServerCounterRegularOutput BlockingRPCServerSimulationClient1BlockingRPC ,
10,Wed Apr 24 19:24:40 EDT 2019,54,-6,CounterExplicitReceiveSuite,CustomRPCClient1CounterNoGIPCReturnQueue CustomRPCClient1CounterRegularOutput CustomRPCClient1CounterReturnValue CustomRPCClient2CounterNoGIPCReturnQueue CustomRPCClient2CounterRegularOutput CustomRPCClient2CounterReturnValue CustomRPCCounterClient1Tagged CustomRPCCounterClient2Tagged CustomRPCCounterServerTagged CustomRPCServerCounterRegularOutput ExplicitReceiveClient1CounterRegularOutput ExplicitReceiveClient1Tagged ExplicitReceiveClient2CounterRegularOutput ExplicitReceiveClient2Tagged ExplicitReceiveServerCounterReceives ExplicitReceiveServerCounterRegularOutput ExplicitReceiveServerCounterTwoQueues ExplicitReceiveServerTagged , ,BlockingRPCServerSimulationRegularOutput BlockingRPCSimulationClientTagged BlockingRPCSimulationRegistryTagged BlockingRPCSimulationServerTagged ExplicitReceiveClient1CounterReceives- ExplicitReceiveClient2CounterReceives- ,BlockingRPCClient1CounterBlockingProcedure BlockingRPCClient1CounterRegularOutput BlockingRPCClient2CounterBlockingProcedure BlockingRPCClient2CounterRegularOutput BlockingRPCCounterClient1Tagged BlockingRPCCounterClient2Tagged BlockingRPCCounterServerTagged BlockingRPCServerCounterRegularOutput BlockingRPCServerSimulationClient1BlockingRPC ,
11,Wed Apr 24 19:26:22 EDT 2019,54,0,CounterExplicitReceiveSuite,CustomRPCClient1CounterNoGIPCReturnQueue CustomRPCClient1CounterRegularOutput CustomRPCClient1CounterReturnValue CustomRPCClient2CounterNoGIPCReturnQueue CustomRPCClient2CounterRegularOutput CustomRPCClient2CounterReturnValue CustomRPCCounterClient1Tagged CustomRPCCounterClient2Tagged CustomRPCCounterServerTagged CustomRPCServerCounterRegularOutput ExplicitReceiveClient1CounterRegularOutput ExplicitReceiveClient1Tagged ExplicitReceiveClient2CounterRegularOutput ExplicitReceiveClient2Tagged ExplicitReceiveServerCounterReceives ExplicitReceiveServerCounterRegularOutput ExplicitReceiveServerCounterTwoQueues ExplicitReceiveServerTagged , ,BlockingRPCServerSimulationRegularOutput BlockingRPCSimulationClientTagged BlockingRPCSimulationRegistryTagged BlockingRPCSimulationServerTagged ExplicitReceiveClient1CounterReceives ExplicitReceiveClient2CounterReceives ,BlockingRPCClient1CounterBlockingProcedure BlockingRPCClient1CounterRegularOutput BlockingRPCClient2CounterBlockingProcedure BlockingRPCClient2CounterRegularOutput BlockingRPCCounterClient1Tagged BlockingRPCCounterClient2Tagged BlockingRPCCounterServerTagged BlockingRPCServerCounterRegularOutput BlockingRPCServerSimulationClient1BlockingRPC ,
12,Wed Apr 24 19:27:24 EDT 2019,54,0,CounterCustomRPCSuite,CustomRPCClient1CounterNoGIPCReturnQueue CustomRPCClient1CounterRegularOutput CustomRPCClient1CounterReturnValue CustomRPCClient2CounterNoGIPCReturnQueue CustomRPCClient2CounterRegularOutput CustomRPCClient2CounterReturnValue CustomRPCCounterClient1Tagged CustomRPCCounterClient2Tagged CustomRPCCounterServerTagged CustomRPCServerCounterRegularOutput ExplicitReceiveClient1CounterRegularOutput ExplicitReceiveClient1Tagged ExplicitReceiveClient2CounterRegularOutput ExplicitReceiveClient2Tagged ExplicitReceiveServerCounterReceives ExplicitReceiveServerCounterRegularOutput ExplicitReceiveServerCounterTwoQueues ExplicitReceiveServerTagged , ,BlockingRPCServerSimulationRegularOutput BlockingRPCSimulationClientTagged BlockingRPCSimulationRegistryTagged BlockingRPCSimulationServerTagged ExplicitReceiveClient1CounterReceives ExplicitReceiveClient2CounterReceives ,BlockingRPCClient1CounterBlockingProcedure BlockingRPCClient1CounterRegularOutput BlockingRPCClient2CounterBlockingProcedure BlockingRPCClient2CounterRegularOutput BlockingRPCCounterClient1Tagged BlockingRPCCounterClient2Tagged BlockingRPCCounterServerTagged BlockingRPCServerCounterRegularOutput BlockingRPCServerSimulationClient1BlockingRPC ,
13,Wed Apr 24 19:29:35 EDT 2019,60,6,CounterExplicitReceiveSuite,CustomRPCClient1CounterNoGIPCReturnQueue CustomRPCClient1CounterRegularOutput CustomRPCClient1CounterReturnValue CustomRPCClient2CounterNoGIPCReturnQueue CustomRPCClient2CounterRegularOutput CustomRPCClient2CounterReturnValue CustomRPCCounterClient1Tagged CustomRPCCounterClient2Tagged CustomRPCCounterServerTagged CustomRPCServerCounterRegularOutput ExplicitReceiveClient1CounterReceives+ ExplicitReceiveClient1CounterRegularOutput ExplicitReceiveClient1Tagged ExplicitReceiveClient2CounterReceives+ ExplicitReceiveClient2CounterRegularOutput ExplicitReceiveClient2Tagged ExplicitReceiveServerCounterReceives ExplicitReceiveServerCounterRegularOutput ExplicitReceiveServerCounterTwoQueues ExplicitReceiveServerTagged , ,BlockingRPCServerSimulationRegularOutput BlockingRPCSimulationClientTagged BlockingRPCSimulationRegistryTagged BlockingRPCSimulationServerTagged ,BlockingRPCClient1CounterBlockingProcedure BlockingRPCClient1CounterRegularOutput BlockingRPCClient2CounterBlockingProcedure BlockingRPCClient2CounterRegularOutput BlockingRPCCounterClient1Tagged BlockingRPCCounterClient2Tagged BlockingRPCCounterServerTagged BlockingRPCServerCounterRegularOutput BlockingRPCServerSimulationClient1BlockingRPC ,
14,Wed Apr 24 19:29:35 EDT 2019,60,0,CounterExplicitReceiveSuite,CustomRPCClient1CounterNoGIPCReturnQueue CustomRPCClient1CounterRegularOutput CustomRPCClient1CounterReturnValue CustomRPCClient2CounterNoGIPCReturnQueue CustomRPCClient2CounterRegularOutput CustomRPCClient2CounterReturnValue CustomRPCCounterClient1Tagged CustomRPCCounterClient2Tagged CustomRPCCounterServerTagged CustomRPCServerCounterRegularOutput ExplicitReceiveClient1CounterReceives ExplicitReceiveClient1CounterRegularOutput ExplicitReceiveClient1Tagged ExplicitReceiveClient2CounterReceives ExplicitReceiveClient2CounterRegularOutput ExplicitReceiveClient2Tagged ExplicitReceiveServerCounterReceives ExplicitReceiveServerCounterRegularOutput ExplicitReceiveServerCounterTwoQueues ExplicitReceiveServerTagged , ,BlockingRPCServerSimulationRegularOutput BlockingRPCSimulationClientTagged BlockingRPCSimulationRegistryTagged BlockingRPCSimulationServerTagged ,BlockingRPCClient1CounterBlockingProcedure BlockingRPCClient1CounterRegularOutput BlockingRPCClient2CounterBlockingProcedure BlockingRPCClient2CounterRegularOutput BlockingRPCCounterClient1Tagged BlockingRPCCounterClient2Tagged BlockingRPCCounterServerTagged BlockingRPCServerCounterRegularOutput BlockingRPCServerSimulationClient1BlockingRPC ,
15,Wed Apr 24 19:30:27 EDT 2019,60,0,CounterExplicitReceiveSuite,CustomRPCClient1CounterNoGIPCReturnQueue CustomRPCClient1CounterRegularOutput CustomRPCClient1CounterReturnValue CustomRPCClient2CounterNoGIPCReturnQueue CustomRPCClient2CounterRegularOutput CustomRPCClient2CounterReturnValue CustomRPCCounterClient1Tagged CustomRPCCounterClient2Tagged CustomRPCCounterServerTagged CustomRPCServerCounterRegularOutput ExplicitReceiveClient1CounterReceives ExplicitReceiveClient1CounterRegularOutput ExplicitReceiveClient1Tagged ExplicitReceiveClient2CounterReceives ExplicitReceiveClient2CounterRegularOutput ExplicitReceiveClient2Tagged ExplicitReceiveServerCounterReceives ExplicitReceiveServerCounterRegularOutput ExplicitReceiveServerCounterTwoQueues ExplicitReceiveServerTagged , ,BlockingRPCServerSimulationRegularOutput BlockingRPCSimulationClientTagged BlockingRPCSimulationRegistryTagged BlockingRPCSimulationServerTagged ,BlockingRPCClient1CounterBlockingProcedure BlockingRPCClient1CounterRegularOutput BlockingRPCClient2CounterBlockingProcedure BlockingRPCClient2CounterRegularOutput BlockingRPCCounterClient1Tagged BlockingRPCCounterClient2Tagged BlockingRPCCounterServerTagged BlockingRPCServerCounterRegularOutput BlockingRPCServerSimulationClient1BlockingRPC ,
16,Wed Apr 24 21:36:39 EDT 2019,60,0,SimulationBlockingRPCSuite,CustomRPCClient1CounterNoGIPCReturnQueue CustomRPCClient1CounterRegularOutput CustomRPCClient1CounterReturnValue CustomRPCClient2CounterNoGIPCReturnQueue CustomRPCClient2CounterRegularOutput CustomRPCClient2CounterReturnValue CustomRPCCounterClient1Tagged CustomRPCCounterClient2Tagged CustomRPCCounterServerTagged CustomRPCServerCounterRegularOutput ExplicitReceiveClient1CounterReceives ExplicitReceiveClient1CounterRegularOutput ExplicitReceiveClient1Tagged ExplicitReceiveClient2CounterReceives ExplicitReceiveClient2CounterRegularOutput ExplicitReceiveClient2Tagged ExplicitReceiveServerCounterReceives ExplicitReceiveServerCounterRegularOutput ExplicitReceiveServerCounterTwoQueues ExplicitReceiveServerTagged , ,BlockingRPCServerSimulationClient1BlockingRPC+ BlockingRPCServerSimulationRegularOutput BlockingRPCSimulationClientTagged BlockingRPCSimulationRegistryTagged BlockingRPCSimulationServerTagged ,BlockingRPCClient1CounterBlockingProcedure BlockingRPCClient1CounterRegularOutput BlockingRPCClient2CounterBlockingProcedure BlockingRPCClient2CounterRegularOutput BlockingRPCCounterClient1Tagged BlockingRPCCounterClient2Tagged BlockingRPCCounterServerTagged BlockingRPCServerCounterRegularOutput ,
17,Wed Apr 24 21:38:25 EDT 2019,60,0,SimulationBlockingRPCSuite,CustomRPCClient1CounterNoGIPCReturnQueue CustomRPCClient1CounterRegularOutput CustomRPCClient1CounterReturnValue CustomRPCClient2CounterNoGIPCReturnQueue CustomRPCClient2CounterRegularOutput CustomRPCClient2CounterReturnValue CustomRPCCounterClient1Tagged CustomRPCCounterClient2Tagged CustomRPCCounterServerTagged CustomRPCServerCounterRegularOutput ExplicitReceiveClient1CounterReceives ExplicitReceiveClient1CounterRegularOutput ExplicitReceiveClient1Tagged ExplicitReceiveClient2CounterReceives ExplicitReceiveClient2CounterRegularOutput ExplicitReceiveClient2Tagged ExplicitReceiveServerCounterReceives ExplicitReceiveServerCounterRegularOutput ExplicitReceiveServerCounterTwoQueues ExplicitReceiveServerTagged , ,BlockingRPCServerSimulationClient1BlockingRPC BlockingRPCServerSimulationRegularOutput BlockingRPCSimulationClientTagged BlockingRPCSimulationRegistryTagged BlockingRPCSimulationServerTagged ,BlockingRPCClient1CounterBlockingProcedure BlockingRPCClient1CounterRegularOutput BlockingRPCClient2CounterBlockingProcedure BlockingRPCClient2CounterRegularOutput BlockingRPCCounterClient1Tagged BlockingRPCCounterClient2Tagged BlockingRPCCounterServerTagged BlockingRPCServerCounterRegularOutput ,
18,Wed Apr 24 21:40:56 EDT 2019,84,24,CounterBlockingRPCSuite,BlockingRPCClient1CounterBlockingProcedure+ BlockingRPCClient1CounterRegularOutput+ BlockingRPCClient2CounterBlockingProcedure+ BlockingRPCClient2CounterRegularOutput+ BlockingRPCCounterClient1Tagged+ BlockingRPCCounterClient2Tagged+ BlockingRPCCounterServerTagged+ BlockingRPCServerCounterRegularOutput+ CustomRPCClient1CounterNoGIPCReturnQueue CustomRPCClient1CounterRegularOutput CustomRPCClient1CounterReturnValue CustomRPCClient2CounterNoGIPCReturnQueue CustomRPCClient2CounterRegularOutput CustomRPCClient2CounterReturnValue CustomRPCCounterClient1Tagged CustomRPCCounterClient2Tagged CustomRPCCounterServerTagged CustomRPCServerCounterRegularOutput ExplicitReceiveClient1CounterReceives ExplicitReceiveClient1CounterRegularOutput ExplicitReceiveClient1Tagged ExplicitReceiveClient2CounterReceives ExplicitReceiveClient2CounterRegularOutput ExplicitReceiveClient2Tagged ExplicitReceiveServerCounterReceives ExplicitReceiveServerCounterRegularOutput ExplicitReceiveServerCounterTwoQueues ExplicitReceiveServerTagged , ,BlockingRPCServerSimulationClient1BlockingRPC BlockingRPCServerSimulationRegularOutput BlockingRPCSimulationClientTagged BlockingRPCSimulationRegistryTagged BlockingRPCSimulationServerTagged , ,
19,Wed Apr 24 21:43:43 EDT 2019,84,0,CounterCustomRPCSuite,BlockingRPCClient1CounterBlockingProcedure BlockingRPCClient1CounterRegularOutput BlockingRPCClient2CounterBlockingProcedure BlockingRPCClient2CounterRegularOutput BlockingRPCCounterClient1Tagged BlockingRPCCounterClient2Tagged BlockingRPCCounterServerTagged BlockingRPCServerCounterRegularOutput CustomRPCClient1CounterNoGIPCReturnQueue CustomRPCClient1CounterRegularOutput CustomRPCClient1CounterReturnValue CustomRPCClient2CounterNoGIPCReturnQueue CustomRPCClient2CounterRegularOutput CustomRPCClient2CounterReturnValue CustomRPCCounterClient1Tagged CustomRPCCounterClient2Tagged CustomRPCCounterServerTagged CustomRPCServerCounterRegularOutput ExplicitReceiveClient1CounterReceives ExplicitReceiveClient1CounterRegularOutput ExplicitReceiveClient1Tagged ExplicitReceiveClient2CounterReceives ExplicitReceiveClient2CounterRegularOutput ExplicitReceiveClient2Tagged ExplicitReceiveServerCounterReceives ExplicitReceiveServerCounterRegularOutput ExplicitReceiveServerCounterTwoQueues ExplicitReceiveServerTagged , ,BlockingRPCServerSimulationClient1BlockingRPC BlockingRPCServerSimulationRegularOutput BlockingRPCSimulationClientTagged BlockingRPCSimulationRegistryTagged BlockingRPCSimulationServerTagged , ,
20,Wed Apr 24 21:44:25 EDT 2019,78,-6,CounterExplicitReceiveSuite,BlockingRPCClient1CounterBlockingProcedure BlockingRPCClient1CounterRegularOutput BlockingRPCClient2CounterBlockingProcedure BlockingRPCClient2CounterRegularOutput BlockingRPCCounterClient1Tagged BlockingRPCCounterClient2Tagged BlockingRPCCounterServerTagged BlockingRPCServerCounterRegularOutput CustomRPCClient1CounterNoGIPCReturnQueue CustomRPCClient1CounterRegularOutput CustomRPCClient1CounterReturnValue CustomRPCClient2CounterNoGIPCReturnQueue CustomRPCClient2CounterRegularOutput CustomRPCClient2CounterReturnValue CustomRPCCounterClient1Tagged CustomRPCCounterClient2Tagged CustomRPCCounterServerTagged CustomRPCServerCounterRegularOutput ExplicitReceiveClient1CounterRegularOutput ExplicitReceiveClient1Tagged ExplicitReceiveClient2CounterRegularOutput ExplicitReceiveClient2Tagged ExplicitReceiveServerCounterReceives ExplicitReceiveServerCounterRegularOutput ExplicitReceiveServerCounterTwoQueues ExplicitReceiveServerTagged , ,BlockingRPCServerSimulationClient1BlockingRPC BlockingRPCServerSimulationRegularOutput BlockingRPCSimulationClientTagged BlockingRPCSimulationRegistryTagged BlockingRPCSimulationServerTagged ExplicitReceiveClient1CounterReceives- ExplicitReceiveClient2CounterReceives- , ,
21,Wed Apr 24 21:48:21 EDT 2019,78,0,CounterBlockingRPCSuite,BlockingRPCClient1CounterBlockingProcedure BlockingRPCClient1CounterRegularOutput BlockingRPCClient2CounterBlockingProcedure BlockingRPCClient2CounterRegularOutput BlockingRPCCounterClient1Tagged BlockingRPCCounterClient2Tagged BlockingRPCCounterServerTagged BlockingRPCServerCounterRegularOutput CustomRPCClient1CounterNoGIPCReturnQueue CustomRPCClient1CounterRegularOutput CustomRPCClient1CounterReturnValue CustomRPCClient2CounterNoGIPCReturnQueue CustomRPCClient2CounterRegularOutput CustomRPCClient2CounterReturnValue CustomRPCCounterClient1Tagged CustomRPCCounterClient2Tagged CustomRPCCounterServerTagged CustomRPCServerCounterRegularOutput ExplicitReceiveClient1CounterRegularOutput ExplicitReceiveClient1Tagged ExplicitReceiveClient2CounterRegularOutput ExplicitReceiveClient2Tagged ExplicitReceiveServerCounterReceives ExplicitReceiveServerCounterRegularOutput ExplicitReceiveServerCounterTwoQueues ExplicitReceiveServerTagged , ,BlockingRPCServerSimulationClient1BlockingRPC BlockingRPCServerSimulationRegularOutput BlockingRPCSimulationClientTagged BlockingRPCSimulationRegistryTagged BlockingRPCSimulationServerTagged ExplicitReceiveClient1CounterReceives ExplicitReceiveClient2CounterReceives , ,
22,Wed Apr 24 21:49:40 EDT 2019,78,0,CounterCustomRPCSuite,BlockingRPCClient1CounterBlockingProcedure BlockingRPCClient1CounterRegularOutput BlockingRPCClient2CounterBlockingProcedure BlockingRPCClient2CounterRegularOutput BlockingRPCCounterClient1Tagged BlockingRPCCounterClient2Tagged BlockingRPCCounterServerTagged BlockingRPCServerCounterRegularOutput CustomRPCClient1CounterNoGIPCReturnQueue CustomRPCClient1CounterRegularOutput CustomRPCClient1CounterReturnValue CustomRPCClient2CounterNoGIPCReturnQueue CustomRPCClient2CounterRegularOutput CustomRPCClient2CounterReturnValue CustomRPCCounterClient1Tagged CustomRPCCounterClient2Tagged CustomRPCCounterServerTagged CustomRPCServerCounterRegularOutput ExplicitReceiveClient1CounterRegularOutput ExplicitReceiveClient1Tagged ExplicitReceiveClient2CounterRegularOutput ExplicitReceiveClient2Tagged ExplicitReceiveServerCounterReceives ExplicitReceiveServerCounterRegularOutput ExplicitReceiveServerCounterTwoQueues ExplicitReceiveServerTagged , ,BlockingRPCServerSimulationClient1BlockingRPC BlockingRPCServerSimulationRegularOutput BlockingRPCSimulationClientTagged BlockingRPCSimulationRegistryTagged BlockingRPCSimulationServerTagged ExplicitReceiveClient1CounterReceives ExplicitReceiveClient2CounterReceives , ,
23,Wed Apr 24 21:57:54 EDT 2019,84,6,CounterExplicitReceiveSuite,BlockingRPCClient1CounterBlockingProcedure BlockingRPCClient1CounterRegularOutput BlockingRPCClient2CounterBlockingProcedure BlockingRPCClient2CounterRegularOutput BlockingRPCCounterClient1Tagged BlockingRPCCounterClient2Tagged BlockingRPCCounterServerTagged BlockingRPCServerCounterRegularOutput CustomRPCClient1CounterNoGIPCReturnQueue CustomRPCClient1CounterRegularOutput CustomRPCClient1CounterReturnValue CustomRPCClient2CounterNoGIPCReturnQueue CustomRPCClient2CounterRegularOutput CustomRPCClient2CounterReturnValue CustomRPCCounterClient1Tagged CustomRPCCounterClient2Tagged CustomRPCCounterServerTagged CustomRPCServerCounterRegularOutput ExplicitReceiveClient1CounterReceives+ ExplicitReceiveClient1CounterRegularOutput ExplicitReceiveClient1Tagged ExplicitReceiveClient2CounterReceives+ ExplicitReceiveClient2CounterRegularOutput ExplicitReceiveClient2Tagged ExplicitReceiveServerCounterReceives ExplicitReceiveServerCounterRegularOutput ExplicitReceiveServerCounterTwoQueues ExplicitReceiveServerTagged , ,BlockingRPCServerSimulationClient1BlockingRPC BlockingRPCServerSimulationRegularOutput BlockingRPCSimulationClientTagged BlockingRPCSimulationRegistryTagged BlockingRPCSimulationServerTagged , ,
24,Wed Apr 24 21:58:38 EDT 2019,84,0,CounterCustomRPCSuite,BlockingRPCClient1CounterBlockingProcedure BlockingRPCClient1CounterRegularOutput BlockingRPCClient2CounterBlockingProcedure BlockingRPCClient2CounterRegularOutput BlockingRPCCounterClient1Tagged BlockingRPCCounterClient2Tagged BlockingRPCCounterServerTagged BlockingRPCServerCounterRegularOutput CustomRPCClient1CounterNoGIPCReturnQueue CustomRPCClient1CounterRegularOutput CustomRPCClient1CounterReturnValue CustomRPCClient2CounterNoGIPCReturnQueue CustomRPCClient2CounterRegularOutput CustomRPCClient2CounterReturnValue CustomRPCCounterClient1Tagged CustomRPCCounterClient2Tagged CustomRPCCounterServerTagged CustomRPCServerCounterRegularOutput ExplicitReceiveClient1CounterReceives ExplicitReceiveClient1CounterRegularOutput ExplicitReceiveClient1Tagged ExplicitReceiveClient2CounterReceives ExplicitReceiveClient2CounterRegularOutput ExplicitReceiveClient2Tagged ExplicitReceiveServerCounterReceives ExplicitReceiveServerCounterRegularOutput ExplicitReceiveServerCounterTwoQueues ExplicitReceiveServerTagged , ,BlockingRPCServerSimulationClient1BlockingRPC BlockingRPCServerSimulationRegularOutput BlockingRPCSimulationClientTagged BlockingRPCSimulationRegistryTagged BlockingRPCSimulationServerTagged , ,
25,Wed Apr 24 21:59:20 EDT 2019,84,0,CounterBlockingRPCSuite,BlockingRPCClient1CounterBlockingProcedure BlockingRPCClient1CounterRegularOutput BlockingRPCClient2CounterBlockingProcedure BlockingRPCClient2CounterRegularOutput BlockingRPCCounterClient1Tagged BlockingRPCCounterClient2Tagged BlockingRPCCounterServerTagged BlockingRPCServerCounterRegularOutput CustomRPCClient1CounterNoGIPCReturnQueue CustomRPCClient1CounterRegularOutput CustomRPCClient1CounterReturnValue CustomRPCClient2CounterNoGIPCReturnQueue CustomRPCClient2CounterRegularOutput CustomRPCClient2CounterReturnValue CustomRPCCounterClient1Tagged CustomRPCCounterClient2Tagged CustomRPCCounterServerTagged CustomRPCServerCounterRegularOutput ExplicitReceiveClient1CounterReceives ExplicitReceiveClient1CounterRegularOutput ExplicitReceiveClient1Tagged ExplicitReceiveClient2CounterReceives ExplicitReceiveClient2CounterRegularOutput ExplicitReceiveClient2Tagged ExplicitReceiveServerCounterReceives ExplicitReceiveServerCounterRegularOutput ExplicitReceiveServerCounterTwoQueues ExplicitReceiveServerTagged , ,BlockingRPCServerSimulationClient1BlockingRPC BlockingRPCServerSimulationRegularOutput BlockingRPCSimulationClientTagged BlockingRPCSimulationRegistryTagged BlockingRPCSimulationServerTagged , ,
